{"cameraMode":{"drawMode":0,"name":"Shaded","section":"Shading Mode"},"sceneLighting":false,"audioPlay":false,"sceneViewState":{"showFog":true,"showMaterialUpdate":false,"showSkybox":false,"showFlares":true,"showImageEffects":true,"showParticleSystems":true},"in2DMode":false,"pivot":{"x":-0.6191471815109253,"y":-0.16672754287719727,"z":0.16024398803710938},"rotation":{"x":0.43373531103134158,"y":-0.311916708946228,"z":0.16310343146324159,"w":0.8294581770896912},"size":4.543570518493652,"orthographic":false}