{"cameraMode":{"drawMode":0,"name":"Shaded","section":"Shading Mode"},"sceneLighting":false,"audioPlay":false,"sceneViewState":{"showFog":true,"showMaterialUpdate":false,"showSkybox":false,"showFlares":true,"showImageEffects":true,"showParticleSystems":true},"in2DMode":false,"pivot":{"x":0.7310086488723755,"y":0.7607009410858154,"z":-0.46715331077575686},"rotation":{"x":-0.021618785336613656,"y":-0.9752731323242188,"z":0.1899021565914154,"w":-0.11106682568788529},"size":3.505986213684082,"orthographic":false}