{"cameraMode":{"drawMode":0,"name":"Shaded","section":"Shading Mode"},"sceneLighting":true,"audioPlay":false,"sceneViewState":{"showFog":true,"showMaterialUpdate":false,"showSkybox":true,"showFlares":true,"showImageEffects":true,"showParticleSystems":true},"in2DMode":false,"pivot":{"x":7.175660133361816,"y":0.7188959121704102,"z":-7.947856426239014},"rotation":{"x":0.13683860003948213,"y":0.685289740562439,"z":-0.13343745470046998,"w":0.7027618885040283},"size":17.915992736816408,"orthographic":false}